"longitude","latitude","value"
-87.880258,30.497478,7.945614
-85.803608,33.284928,7.3
-85.969858,34.288567,7.24386
-85.992647,33.991494,8.657386
-86.815,33.553056,9.751786
-86.815,33.553056,12.009756
-87.003611,33.331111,8.44
-86.549167,33.545278,7.18
-86.549167,33.545278,7.173333
-86.549167,33.545278,9.36383
-86.924167,33.499722,8.035
-86.924167,33.499722,8.48
-86.844112,33.521427,9.598113
-86.58816,34.68547,7.259322
-86.58816,34.68547,8.247826
-86.58816,34.68547,8.588235
-88.087761,30.770181,8.522917
-86.263394,32.412811,8.067857
-86.263394,32.412811,8.1
-86.967536,34.530717,7.6
-86.967536,34.530717,8.960773
-84.999653,32.437028,9.424138
-84.999653,32.437028,10.38764
-88.277992,32.362606,6.866667
-87.484189,33.189931,7.8
-87.484189,33.189931,8.72
-149.824602,61.205861,4.557143
-149.824602,61.205861,5.628019
-147.727413,64.84569,12.354601
-147.727413,64.84569,15.726531
-147.310279,64.762641,11.812162
-147.310279,64.762641,16.607843
-147.69327,64.84593,11.629605
-134.567237,58.388497,3.884
-134.567237,58.388497,4.669945
-149.031655,61.534163,3.063445
-109.438003,35.880404,2.802273
-109.438003,35.880404,3.130233
-113.5586,34.2439,4.780738
-112.14256,33.48378,9.2
-112.14256,33.48378,9.057353
-111.86536,33.41018,6.621164
-112.06619,33.56031,6.393035
-112.19193,33.57453,5.676303
-112.07526,33.40314,11.273301
-111.93471,33.41123,8.435849
-112.00264,33.41046,7.722857
-111.855443,33.488131,6.973333
-111.855443,33.488131,7.3
-112.11821,33.4265,8.842381
-112.095767,33.503833,8.025
-112.095767,33.503833,7.635484
-111.038389,32.322661,5.381215
-110.9823,32.29515,6.574138
-110.9823,32.29515,6.706433
-111.752222,32.877583,7.74386
-111.752222,32.877583,7.453107
-111.503222,33.421194,5.401695
-112.03705,32.884761,11.489286
-112.03705,32.884761,10.833333
-112.03705,32.884761,10.520904
-110.936718,31.337204,8.463333
-110.936718,31.337204,8.435206
-114.61444,32.690278,8.752612
-91.55896,34.518515,7.397143
-91.939208,33.139471,7.734783
-91.939208,33.139471,6.061538
-90.193141,35.197288,7.424324
-93.000178,34.469441,8.728571
-93.000178,34.469441,8.042857
-93.000178,34.469441,7.322222
-91.188906,35.637283,6.333333
-91.188906,35.637283,8.6375
-94.226234,34.583699,6.983784
-92.281296,34.756189,8.406364
-92.281296,34.756189,7.285714
-92.281296,34.756189,9.883122
-92.328697,34.681343,8.235
-92.328697,34.681343,9.482353
-92.672263,33.220563,8.847619
-92.672263,33.220563,9.15
-94.116827,36.1797,6.930556
-121.784217,37.687526,7.208597
-122.169935,37.743065,7.94321
-122.282347,37.814781,7.466529
-122.263376,37.793624,8.694191
-121.903019,37.701222,7.206695
-121.84047,39.76168,5.805917
-120.680277,38.20185,5.964912
-122.281803,39.021221,10.75
-121.99887,39.18919,6.422346
-122.026154,37.936013,6.654978
-122.356811,37.9604,9.093103
-119.77321,36.78538,12.552727
-119.77321,36.78538,13.187387
-119.658339,36.985119,6.570776
-120.382331,36.634225,8.953333
-119.7775,36.710833,14.914444
-119.716433,36.819449,13.605263
-119.733,36.72639,18.728049
-124.17949,40.77678,6.855172
-115.48307,32.67618,10.811111
-115.48307,32.67618,11.795349
-115.53917,32.97833,10.445856
-116.015997,33.379078,9.775745
-115.56306,32.79222,8.7
-115.56306,32.79222,8.896133
-118.330783,37.360684,3.927485
-118.330783,37.360684,3.107143
-117.871036,36.487823,5.793103
-117.871036,36.487823,6.278409
-118.049167,36.595556,5.489627
-118.417478,37.362137,8.254615
-118.293547,37.155494,3.647863
-119.015009,35.385574,16.135385
-119.015009,35.385574,31.426316
-119.062613,35.356615,13.665104
-119.062613,35.356615,13.857143
-118.997627,35.324636,15.958462
-117.715066,35.642943,4.109392
-118.162833,35.046528,4.192241
-119.56565,36.102244,13.938674
-119.643447,36.31567,13.28453
-122.91333,39.01893,3.88
-117.92391,34.1365,9.608929
-117.92391,34.1365,7.8
-118.22688,34.06659,11.338983
-118.22688,34.06659,11.26
-118.53276,34.19925,8.528333
-118.205,33.901389,12.481111
-118.0685,34.01029,11.137037
-118.0685,34.01029,16.4
-118.0685,34.01029,15.975
-118.1272,34.1326,9.171186
-118.18921,33.82376,9.916364
-118.17533,33.79236,10.765546
-118.17533,33.79236,13.165833
-118.200707,33.859662,12.167039
-118.200707,33.859662,16.193151
-118.171019,33.793713,10.8
-118.171019,33.793713,9.886813
-118.130511,34.669739,7.385876
-120.034203,36.953256,11.903478
-122.520004,37.97231,6.252521
-120.433671,37.281853,12.945238
-120.480456,37.30832,14.765882
-118.96652,37.64571,7.563636
-119.120278,37.962069,2.988068
-121.73333,36.48187,4.267614
-121.126371,36.209286,5.560234
-121.623271,36.694261,6.957143
-121.623271,36.694261,5.348295
-121.055608,39.233477,3.897917
-120.184592,39.32783,5.153846
-117.93845,33.83062,9.897159
-117.93845,33.83062,9.024309
-117.67593,33.63003,8.217593
-121.09959,38.93568,5.190948
-121.26498,38.74643,6.445251
-120.944376,39.939567,4.519231
-120.47069,39.81336,10.439286
-120.47069,39.81336,12.935294
-117.088649,33.447867,4.598148
-117.088649,33.447867,3.657143
-116.1897,33.71969,11.056983
-116.1897,33.71969,12.303333
-116.830074,33.944713,8.342211
-116.830074,33.944713,6.667647
-116.21537,33.70853,7.669231
-116.21537,33.70853,8.861818
-116.54101,33.85275,6.571667
-117.41601,33.99958,10.702339
-117.41601,33.99958,10.603704
-117.41601,33.99958,10.698889
-117.4924,33.99636,11.030508
-117.4924,33.99636,11.403571
-121.368014,38.613779,8.828718
-121.368014,38.613779,7.794444
-121.368014,38.613779,20.520339
-121.49311,38.56844,7.5
-121.49311,38.56844,8.418023
-121.164457,38.683304,10.0125
-121.164457,38.683304,10.555932
-121.503795,38.593322,16.964407
-121.211131,38.494475,11.591525
-121.3621,36.843425,4.940331
-117.61722,34.030833,12.157303
-117.61722,34.030833,14.216176
-117.32554,34.510961,9.821839
-117.32554,34.510961,9.141279
-117.49201,34.10002,10.430508
-116.86147,34.26464,7.471429
-116.86147,34.26464,8.458564
-117.274063,34.106678,10.935088
-117.059088,32.631242,8.5
-116.365,32.6509,6.859286
-117.123964,32.845709,6.814894
-117.123964,32.845709,6.993548
-117.08218,32.985442,7.724561
-116.944308,32.789565,9.278161
-117.142665,32.710177,8.872881
-117.142665,32.710177,10.769231
-117.09023,33.362593,10.249171
-122.399044,37.765946,6.495397
-121.281414,37.961578,9.728736
-121.247874,37.793392,15.572619
-120.56388,35.02083,8.197238
-120.58777,35.04673,11.179444
-120.64472,35.259502,7.408523
-120.66617,35.49453,7.327879
-122.20337,37.482934,6.544068
-119.691218,34.427775,6.120359
-120.4575,34.63782,6.40226
-119.8284,34.44551,5.391525
-121.574684,36.999571,6.258716
-121.894898,37.348497,12.493333
-121.894898,37.348497,9.184774
-121.849783,37.338135,7.665401
-121.98822,36.98332,6.417816
-122.083092,37.06315,6.221111
-122.38092,40.55013,3.8875
-122.237976,38.102507,7.22437
-122.237976,38.102507,7.752941
-122.818294,38.403765,5.757456
-120.994212,37.642165,14.313812
-120.836008,37.488317,16.339773
-121.618549,39.138773,10.875706
-121.618549,39.138773,8.368362
-122.25556,40.17093,4.309697
-118.82915,36.48947,7.340796
-119.3129,36.30815,16.780374
-118.870509,34.210169,8.492735
-118.80998,34.404281,6.478243
-119.2313,34.44806,5.867647
-118.683685,34.276316,7.710084
-118.683685,34.276316,6.82563
-119.143182,34.25239,6.713389
-121.73269,38.66121,7.221212
-104.93647,39.8281,8.565957
-104.93647,39.8281,6.68895
-105.019526,39.604399,5.216129
-105.100856,40.164576,5.710843
-105.100856,40.164576,6.892265
-105.263382,40.021097,4.832184
-107.6023,38.8764,4.214458
-104.987625,39.751184,6.247857
-104.987625,39.751184,6.093617
-104.987625,39.751184,7.458564
-104.939925,39.738578,6.761111
-105.00518,39.77949,6.254348
-105.00518,39.77949,6.68453
-105.0153,39.73217,7.686667
-105.0153,39.73217,6.375141
-104.9886,39.7861,7.427072
-105.070358,39.534488,4.677174
-105.070358,39.534488,5.3
-104.828564,38.848014,4.612155
-106.385,40.5506,4.835484
-105.079693,40.571288,6.122099
-108.561173,39.063798,5.696685
-104.597613,38.276099,6.667033
-108.761389,40.086944,8.293925
-104.70693,40.414877,7.710497
-104.82405,40.209387,6.060526
-73.194722,41.170833,6.072414
-73.194722,41.170833,7.594475
-73.443056,41.399167,6.155172
-73.443056,41.399167,7.33815
-72.679923,41.771444,5.841379
-72.679923,41.771444,7.368889
-72.631667,41.784722,7.307182
-73.297257,41.821342,3.345
-73.297257,41.821342,4.540351
-72.902871,41.3014,5.722414
-72.902871,41.3014,5.99
-72.902871,41.3014,7.154237
-72.902871,41.3014,7.567232
-73.043611,41.550556,7.944068
-72.07882,41.35362,6.450276
-75.5568,38.986672,7.294915
-75.518056,39.155,8.90339
-75.732,39.5513,9.589474
-75.6036,39.57768,7.92766
-75.558056,39.739444,10.355932
-75.6106,38.6539,8.323729
-76.958072,38.895572,7.37177
-76.958072,38.895572,7.37177
-76.958072,38.895572,7.216268
-77.013178,38.921847,7.08066
-77.013178,38.921847,7.014623
-77.013178,38.921847,7.08066
-76.953426,38.89477,8.630622
-76.953426,38.89477,8.488038
-76.953426,38.89477,8.630622
-77.012816,38.875161,8.095755
-77.012816,38.875161,7.991038
-77.012816,38.875161,8.095755
-82.26608,29.566112,7.325698
-82.26608,29.566112,7.259777
-80.628611,28.053611,7.958011
-80.33845,26.073536,6.46
-80.256944,26.053889,5.796296
-80.256944,26.053889,7.2125
-80.169817,26.132677,9.537017
-80.096353,26.291088,7.561878
-80.176389,26.294167,8.265193
-81.633981,30.135797,8.361878
-81.547778,30.354722,6.643333
-81.547778,30.354722,7.1
-81.606833,30.262778,8.824862
-87.20355,30.525367,9.955801
-82.469532,27.955133,8.633918
-82.2304,27.96565,7.250847
-82.2304,27.96565,8.041667
-82.2304,27.96565,7.746243
-81.877908,26.602016,7.875978
-81.877908,26.602016,7.944134
-84.346389,30.439722,7.891379
-84.346389,30.439722,7.293333
-80.326389,25.941944,6.22807
-80.215556,25.794222,7.507143
-80.215556,25.794222,8.245143
-80.482778,25.471944,6.512963
-81.3625,28.596389,6.903947
-80.666447,26.724786,7.062431
-80.219619,26.687606,6.403955
-80.092778,26.456944,7.664773
-82.731767,27.946688,7.404972
-82.739875,27.785866,7.692818
-81.972222,28.028889,8.293258
-82.507222,27.290556,8.393923
-81.310556,28.746111,6.721429
-81.310556,28.746111,7.595506
-81.0525,29.206667,8.818785
-83.640996,32.777465,8.783099
-83.640996,32.777465,9.144444
-83.543493,32.805264,7.22
-83.543493,32.805264,8.871369
-81.130222,32.090779,9.649065
-83.344385,33.918137,8.940851
-83.344385,33.918137,8.474146
-84.390717,33.610845,8.427143
-84.607423,34.015436,8.324286
-82.749971,31.513097,7.453521
-84.2905,33.6878,8.098551
-84.2905,33.6878,8.055714
-84.2905,33.6878,10.507234
-84.0998,31.5776,8.927536
-84.0998,31.5776,9.811765
-84.0998,31.5776,11.280753
-84.435618,33.802241,8.51831
-84.3914,33.7784,9.112676
-81.495035,31.169805,7.531343
-81.495035,31.169805,9.000858
-84.0691,33.9632,8.589167
-83.8134,34.2993,9.159917
-83.5978,32.6056,7.642254
-83.5978,32.6056,9.479012
-83.2933,30.8486,7.964706
-83.2933,30.8486,10.022026
-84.944635,32.521272,8.470492
-84.944635,32.521272,9.143388
-84.9457,32.4274,9.502857
-82.0224,33.4339,8.577273
-82.0224,33.4339,9.30823
-85.2943,34.9784,8.466129
-85.2943,34.9784,11.024569
-82.806871,32.967359,10.66722
-155.2578,19.4308,2.117157
-155.11053,19.717562,3.878049
-155.913417,19.509778,5.366477
-155.913417,19.509778,5.869274
-155.480183,19.2039,3.458427
-155.778136,19.117561,5.300581
-155.798067,19.977467,2.175978
-155.102028,19.555444,2.356471
-158.088613,21.323745,5.029104
-158.088613,21.323745,3.87931
-157.85542,21.30758,3.648295
-157.871171,21.303382,4.131111
-157.969126,21.392833,3.440698
-157.969126,21.392833,3.91
-159.36624,21.949599,2.292222
-156.446373,20.780997,2.27093
-156.493626,20.869627,4.499444
-116.347853,43.600699,5.005
-116.571281,47.316577,6.232143
-116.571281,47.316577,6.42069
-116.562676,43.58031,6.292
-116.562676,43.58031,6.33125
-116.562676,43.58031,6.33125
-111.864167,42.082222,5.770175
-113.890285,45.181897,7.892308
-116.236667,47.536389,7.564535
-88.240553,40.123886,7.50641
-88.37251,40.05278,7.496203
-88.37251,40.05278,7.241418
-87.732457,41.670992,8.466667
-87.539315,41.687165,8.353846
-87.749928,41.965485,8.01125
-87.722673,41.912739,8.378947
-87.713488,41.7514,8.276923
-87.557406,41.57862,9.463736
-87.832349,41.80118,10.665823
-87.832349,41.80118,10.665823
-87.832349,41.80118,9.6525
-87.832349,41.80118,9.6525
-87.876265,41.965193,9.450704
-87.805377,41.782766,8.47125
-87.805377,41.782766,9.084211
-87.863225,42.060285,8.081887
-87.799227,42.139996,7.67
-87.799227,42.139996,7.699627
-87.748902,41.864426,8.1875
-88.152534,41.771071,8.792674
-88.624943,38.082155,8.103676
-90.344494,39.101439,7.668498
-88.280015,42.050403,9.581579
-88.329374,41.784717,8.445
-88.242207,42.221442,8.734884
-88.996896,40.518735,8.421245
-88.996896,40.518735,7.904762
-88.925594,39.866834,8.298901
-90.144763,38.700632,10.259155
-90.144763,38.700632,10.259155
-90.146308,38.901362,8.202597
-90.139675,38.704534,10.117143
-90.139675,38.704534,10.138462
-90.105851,38.860669,9.17875
-89.584737,40.697007,9.19291
-89.788459,38.176278,7.483026
-90.51735,41.514727,8.463296
-90.160477,38.612034,9.928897
-89.644164,39.831921,8.415175
-88.116474,41.526885,8.741264
-88.190967,41.221537,7.929304
-89.08917,42.267,7.92967
-85.891332,39.237457,6.514773
-85.664118,38.393822,7.673684
-85.664118,38.393822,8.175
-85.741337,38.288191,9.37037
-85.741337,38.288191,10.378059
-85.387908,40.199502,7.521053
-86.929668,38.391799,8.729167
-85.968446,41.657155,8.206215
-86.990419,38.985477,7.225333
-85.939546,39.960884,6.641379
-86.078775,39.928804,9.966667
-85.52347,40.009544,7.575
-86.109688,40.481347,7.206383
-87.442017,41.635952,7.745714
-87.304943,41.606662,8.175
-87.304943,41.606662,8.175
-87.304943,41.606662,7.255152
-87.406579,41.573282,8.904054
-87.406579,41.573282,8.904054
-87.342947,41.598473,9.794521
-87.342947,41.598473,10.592308
-87.435561,41.653501,8.822973
-87.435561,41.653501,8.973743
-87.495044,41.594427,8.646058
-87.495044,41.594427,9.197479
-86.891216,41.707212,7.658228
-85.652184,40.125703,8.768201
-86.166464,39.744993,9.906494
-86.166464,39.744993,9.906494
-86.114444,39.810833,9.006667
-86.114444,39.810833,10.348927
-86.214628,39.788903,9.825316
-86.214628,39.788903,10.323077
-86.214628,39.788903,11.010169
-86.115415,39.758855,8.824359
-86.13088,39.787933,9.684211
-86.13088,39.787933,11.809129
-86.504762,39.159383,7.541558
-86.504762,39.159383,6.803084
-87.199167,41.6175,7.654701
-86.214722,41.69666,7.78
-86.214722,41.69666,8.45
-86.214722,41.69666,9.846914
-86.983214,38.167523,8.318571
-86.8525,40.431639,6.738983
-87.532289,37.974436,9.017333
-87.577222,38.013333,9.713889
-87.577222,38.013333,9.747234
-87.401312,39.485987,7.671915
-87.401312,39.485987,9.106809
-85.629292,41.169646,6.405263
-85.629292,41.169646,8.904219
-92.316017,42.501543,7.010989
-90.211982,41.823283,7.886517
-90.211982,41.823283,10.327881
-90.211982,41.823283,9.836364
-90.177574,41.874999,6.638636
-91.503478,41.657232,6.972549
-91.503478,41.657232,8.314231
-91.503478,41.657232,8.510774
-91.391012,40.400959,7.473333
-91.68766,41.97677,7.06963
-91.68766,41.97677,7.138636
-91.68766,41.97677,8.809241
-91.68766,41.97677,8.979195
-95.044951,40.969112,5.955682
-91.067957,41.400968,7.114662
-91.067957,41.400968,7.793333
-91.070975,41.419429,6.976404
-91.0616,41.4069,7.355556
-94.693518,43.123704,5.720588
-93.643118,41.603159,6.771324
-93.643118,41.603159,7.033333
-93.643118,41.603159,6.568243
-93.643118,41.603159,5.851515
-93.7479,41.603517,6.598901
-95.896124,41.264171,7.206742
-95.896124,41.264171,7.054762
-90.587611,41.530011,6.898833
-90.587611,41.530011,7.355556
-90.587611,41.530011,8.669655
-90.587611,41.530011,8.45137
-90.624044,41.512077,7.24023
-92.006318,40.695078,6.654878
-96.394755,42.499844,6.735632
-94.746424,38.838575,9.425166
-95.47594,37.67696,9.466851
-97.314847,37.702066,9.426554
-95.711275,39.024265,9.868944
-97.366399,37.47689,9.492045
-99.763424,38.770081,6.75122
-94.635605,39.117219,7.342857
-94.635605,39.117219,10.437569
-83.73694,36.60843,10.159669
-82.64041,38.45934,7.81676
-84.47445,39.021881,7.392857
-84.47445,39.021881,8.217143
-84.47445,39.021881,7.826744
-82.9881,38.23887,7.046023
-87.323337,36.91171,8.716022
-87.075307,37.780776,8.544199
-84.49761,38.06503,7.88232
-85.852629,37.705612,8.672727
-85.852629,37.705612,8.196629
-88.57251,37.05822,8.511429
-83.20932,37.28329,8.874545
-82.53532,37.4826,7.135359
-84.61152,37.09798,8.161878
-86.21487,37.04926,7.761017
-86.21487,37.04926,7.832768
-93.795179,32.471819,9.871667
-93.795179,32.471819,10.30625
-93.285084,30.262604,10.090608
-93.579965,30.227798,7.906667
-91.179219,30.461981,9.693296
-91.179219,30.461981,7.9
-91.179219,30.461981,8.876078
-91.062552,30.219101,7.616364
-90.272826,30.041238,7.655172
-90.272826,30.041238,8.799618
-90.109836,29.900314,7.983333
-92.042908,30.22611,8.073333
-90.11819,29.996013,8.403226
-92.046196,32.509959,7.869492
-92.410746,31.177824,8.275
-89.97625,29.943164,8.585185
-89.97625,29.943164,8.531293
-90.377212,30.503287,8.24
-90.377212,30.503287,8.163333
-90.779731,29.679301,7.781356
-91.213556,30.500642,9.566854
-70.214219,44.089406,4.297306
-68.321106,47.355332,5.286434
-68.038403,46.698422,3.733333
-68.016195,46.682299,4.806897
-68.016195,46.682299,4.129368
-70.256178,43.677994,5.746667
-70.268965,43.660246,5.66
-70.268965,43.660246,4.592568
-68.2609,44.37705,1.619048
-68.2609,44.37705,4.019095
-68.2609,44.37705,3.3
-68.2609,44.37705,3.113333
-69.786717,44.312319,5.048148
-69.786717,44.312319,4.753846
-70.546319,44.551419,4.427852
-68.772762,44.817398,4.916854
-76.633543,39.460478,6.121429
-76.633543,39.460478,6.327273
-76.474444,39.310833,6.462069
-75.864771,39.702982,6.88513
-76.141006,38.587525,5.79593
-76.141006,38.587525,5.80814
-76.141006,38.587525,5.80814
-79.012,39.70595,5.388031
-76.296946,39.410191,6.099248
-76.84611,39.14313,6.865909
-75.797317,39.305021,6.238418
-77.106876,39.114313,8.911628
-76.878333,39.055277,5.492593
-76.878333,39.055277,5.646154
-76.878333,39.055277,5.111215
-77.720244,39.564178,5.818182
-76.58905,39.33746,5.744444
-76.58905,39.33746,6.980579
-73.239648,42.452299,6.0225
-73.239648,42.452299,7.020423
-73.110414,42.702223,5.876836
-71.169235,41.685707,6.293143
-70.970816,42.474642,4.912931
-71.10229,42.770837,5.737853
-72.596689,42.605816,8.139583
-72.596689,42.605816,7.080663
-72.555112,42.19438,6.170166
-72.584503,42.120229,8.182609
-72.584503,42.120229,5.860215
-72.334079,42.298493,6.410227
-71.306986,42.612085,6.333702
-70.963346,42.241229,6.003315
-71.012129,42.065106,8.481921
-71.097163,42.348873,6.969643
-71.097163,42.348873,6.903867
-71.0826,42.3295,6.580392
-71.0826,42.3295,6.561326
-71.056061,42.325186,7.85
-71.056061,42.325186,7.544134
-71.056061,42.325186,7.100552
-71.026111,42.387222,6.883889
-71.794322,42.263955,9.685549
-86.148577,42.767786,6.58631
-83.890721,43.571391,5.304972
-83.670159,43.047224,8.005
-83.670159,43.047224,7.324138
-84.562779,42.761387,8.559116
-84.562779,42.761387,7.077778
-85.54189,42.278067,9.521118
-85.671339,42.984173,9.166092
-85.671339,42.984173,6.957627
-83.946559,41.995568,7.910556
-82.793463,42.731394,8.986188
-86.242649,44.307,4.536538
-84.891865,44.310555,8.885393
-83.183199,42.463063,6.658333
-85.852734,42.894451,9.069014
-82.456229,42.953336,8.417143
-85.950227,46.288877,5.822222
-83.599602,42.240565,8.092265
-83.599602,42.240565,8.468966
-83.2082,42.22862,8.786093
-83.2082,42.22862,7.583051
-83.10653,42.302786,8.569643
-83.10653,42.302786,14.063128
-83.000138,42.43084,6.871667
-83.148754,42.306674,9.457143
-83.148754,42.306674,10.939286
-83.266189,42.385998,11.285311
-83.157893,42.261669,9.102762
-83.091943,42.312158,9.825414
-83.129431,42.295824,11.771111
-83.103469,42.312078,10.682682
-82.979793,42.388405,7.462983
-93.207615,45.13768,5.92069
-93.207615,45.13768,6.341954
-95.846272,46.851811,5.106548
-95.029172,47.878159,7.089535
-92.511722,46.713694,1.071111
-94.60166,47.38443,5.847191
-89.69098,47.972085,1.792045
-94.1303,46.39674,5.252941
-93.23725,44.73846,4.452663
-93.285803,44.706123,4.512426
-93.254759,44.965242,6.512155
-93.25821,44.95366,6.59
-93.25821,44.95366,7.323952
-93.34315,44.94805,6.239655
-93.34315,44.94805,6.315385
-91.495574,47.948622,4.912865
-95.81789,44.4438,6.231111
-92.450366,43.996908,5.059116
-93.09827,44.95072,7.089655
-93.03587,44.95939,6.015517
-93.03587,44.95939,5.778571
-93.03587,44.95939,6.609195
-93.03587,44.95939,5.892045
-92.536305,47.523355,4.013816
-92.08936,46.81826,3.227933
-92.165998,46.743657,4.338816
-93.512534,44.791437,5.660345
-94.13345,45.549839,6.276761
-93.66921,45.20916,4.988398
-90.734175,33.750838,8.297436
-89.98778,34.82056,9.001465
-89.2922,31.32389,8.725714
-89.2922,31.32389,9.848352
-89.395916,30.300833,8.411397
-89.049778,30.390369,8.779487
-90.182722,32.329111,8.288571
-90.182722,32.329111,9.733456
-90.225667,32.346722,9.377656
-88.53393,30.378287,7.863197
-94.858584,39.741694,6.784444
-94.858584,39.741694,6.779651
-94.57983,38.75961,5.832768
-94.03474,37.70097,6.297605
-94.377014,39.303174,5.423889
-93.299894,37.256137,6.654023
-93.299894,37.256137,9.495333
-94.57079,39.104686,6.758564
-94.57079,39.104686,10.067956
-94.450513,39.047911,7.960674
-90.395904,38.448672,8.428477
-90.350313,38.650329,6.244099
-90.350313,38.650329,8.116667
-90.263711,38.542551,6.471839
-90.198348,38.656429,8.571186
-90.198348,38.656429,7.98538
-90.198348,38.656429,8.974586
-90.189868,38.656479,7.928834
-90.189868,38.656479,7.928834
-90.189868,38.656479,10.687709
-90.189868,38.656479,10.687709
-90.28115,38.63114,8.15419
-105.812778,46.411389,4.675732
-105.812778,46.411389,4.595781
-105.812778,46.411389,4.675732
-109.455315,47.048537,3.379339
-109.455315,47.048537,3.341909
-109.455315,47.048537,3.379339
-114.189272,48.363694,5.802101
-114.189272,48.363694,5.93527
-114.189272,48.363694,5.93527
-111.089618,44.657014,2.927358
-111.987164,46.8505,2.046667
-111.987164,46.8505,2.063333
-111.987164,46.8505,2.933333
-112.013089,46.658762,4.483333
-112.013089,46.658762,6.130705
-112.013089,46.658762,6.229218
-112.013089,46.658762,6.229218
-112.013089,46.658762,6.179752
-112.013089,46.658762,6.087083
-112.013089,46.658762,6.179752
-115.553309,48.391545,9.218182
-115.553309,48.391545,9.132773
-115.553309,48.391545,9.218182
-114.021499,46.842181,3.264435
-114.021499,46.842181,3.204202
-114.021499,46.842181,3.264435
-114.224273,47.012907,8.504979
-114.224273,47.012907,8.327119
-114.224273,47.012907,8.504979
-107.862471,48.317507,3.620576
-105.370283,45.440295,5.32314
-105.370283,45.440295,5.32314
-105.370283,45.440295,4.945726
-114.158889,46.243621,5.040329
-114.158889,46.243621,5.040329
-114.158889,46.243621,4.895021
-104.676944,47.8679,4.583784
-104.676944,47.8679,4.470776
-104.676944,47.8679,4.583784
-112.501247,46.002602,6.430769
-112.501247,46.002602,5.592035
-112.501247,46.002602,5.642105
-112.501247,46.002602,5.642105
-108.425978,45.806311,5.564198
-108.425978,45.806311,5.269008
-108.425978,45.806311,5.564198
-95.973142,41.247486,5.825468
-95.973142,41.247486,6.432222
-96.056686,41.197847,6.628409
-96.056686,41.197847,6.747727
-96.824166,40.285,5.039355
-96.824166,40.285,5.191304
-98.378888,40.915555,5.988055
-96.683314,40.812591,5.634615
-96.683314,40.812591,6.267857
-95.956103,41.133294,6.310895
-103.656561,41.876853,3.403584
-96.146175,41.551211,5.916667
-96.146175,41.551211,3.363934
-114.050347,36.815897,4.741243
-115.253333,36.106389,6.195531
-115.268517,36.004733,5.117416
-115.263038,36.16976,5.969613
-115.332728,36.173415,5.122289
-115.332728,36.173415,5.22067
-115.238282,36.270592,5.635359
-115.052942,36.048705,6.070718
-115.148885,35.987908,6.334254
-115.078742,36.141875,9.230508
-115.078742,36.141875,10.029825
-115.078742,36.141875,9.51676
-115.11393,36.163962,10.232759
-115.11393,36.163962,10.635359
-114.835007,35.969848,4.726519
-115.357087,35.785665,4.714365
-115.175654,36.139707,8.031492
-115.13977,36.174365,7.383425
-115.091437,36.214465,7.791713
-119.732507,38.897557,4.072376
-119.739606,39.399837,3.502273
-119.7954,39.521933,4.840678
-119.7954,39.521933,5.487429
-119.746761,39.540917,6.748295
-119.71877,39.621434,4.815882
-119.7661,39.1447,3.524309
-119.7661,39.1447,3.955172
-71.496335,43.566122,4.507778
-72.272332,42.930521,6.034483
-72.272332,42.930521,6.338674
-72.309499,43.629605,5.379558
-71.878626,42.86183,3.322414
-71.878626,42.86183,4.021547
-70.748017,43.075371,5.988333
-71.38014,42.862531,4.325862
-71.38014,42.862531,5.48011
-74.448736,39.464872,5.845614
-74.448736,39.464872,5.601124
-74.431,39.36326,6.462963
-73.96618,40.85355,6.785143
-75.125219,39.934559,8.178182
-75.125219,39.934559,8.203448
-75.125219,39.934559,9.11497
-75.050008,39.989036,6.115094
-75.025204,39.422273,5.760119
-74.192892,40.720989,7.57193
-74.192892,40.720989,7.962162
-75.212119,39.800339,6.375862
-74.036218,40.770908,5.723077
-74.052293,40.725413,7.819863
-74.052293,40.725413,7.77
-74.052293,40.725413,7.043787
-74.806671,40.515262,7.002825
-74.742613,40.283092,7.435329
-74.763167,40.222411,7.432759
-74.429439,40.462182,6.237288
-74.429439,40.462182,7.206145
-74.676301,40.787628,5.326
-74.170447,39.994908,5.871515
-74.208365,40.64144,9.530178
-74.208365,40.64144,9.792857
-74.208365,40.64144,9.30838
-74.276174,40.603943,6.64
-75.067815,40.92458,7.788462
-75.067815,40.92458,8.209942
-106.5852,35.1343,6.058889
-106.5852,35.1343,5.284314
-106.60468,35.1443,9.266102
-106.65739,35.01708,9.841379
-106.65739,35.01708,8.246774
-106.50815,35.1852,5.147514
-106.613815,35.19324,8.741989
-106.599715,32.003712,8.076692
-106.599715,32.003712,8.846667
-106.584434,31.796218,9.081667
-106.584434,31.796218,8.926667
-106.683324,31.787885,4.93985
-106.768337,32.322037,4.832234
-103.122917,32.726656,8.404469
-106.07968,35.61975,4.345614
-105.5839,36.383359,5.861017
-73.75464,42.64225,5.925
-73.75464,42.64225,5.85
-73.75464,42.64225,6.778378
-73.75733,42.68075,5.869863
-73.902,40.816,6.907692
-73.902,40.816,7.956087
-73.87809,40.8679,7.005063
-79.31881,42.49963,5.917568
-78.77153,42.99328,6.060526
-78.77153,42.99328,6.523529
-78.809526,42.876907,6.920779
-78.765825,42.921107,7.064865
-73.8589,44.39308,3.935294
-73.94771,40.71961,7.686486
-77.55728,43.145013,6.405634
-77.54817,43.14618,5.897101
-77.54817,43.14618,6.3625
-73.93432,40.7997,7.192
-73.93432,40.7997,7.526316
-76.05921,43.05235,5.167568
-76.05921,43.05235,5.991544
-74.00885,41.49916,6.142857
-73.82153,40.73614,6.714286
-73.82153,40.73614,8.940441
-73.817694,40.739264,7.375641
-74.13719,40.63307,7.192105
-77.20978,42.09142,5.045946
-77.20978,42.09142,5.973507
-73.41919,40.74529,6.272152
-82.5844,35.6062,6.562963
-82.5844,35.6062,6.562209
-81.365556,35.728889,8.385057
-81.365556,35.728889,8.362069
-81.365556,35.728889,8.385057
-81.365556,35.728889,8.693567
-78.953112,35.041416,7.858101
-80.2627,35.8145,8.028571
-80.2627,35.8145,8.437288
-78.904037,36.032955,7.050829
-80.224501,36.11094,6.585714
-80.224501,36.11094,7.783539
-80.341962,36.026612,6.932143
-80.341962,36.026612,8.099582
-79.802314,36.109006,8.525434
-78.4622,35.59095,6.989535
-80.785683,35.2401,7.475472
-80.785683,35.2401,8.065314
-80.874084,35.213171,8.335714
-80.874084,35.213171,8.24313
-80.851473,35.281791,7.80728
-82.062082,35.912487,6.159302
-79.836636,35.263165,7.367598
-77.838611,34.364167,5.658788
-77.838611,34.364167,7.392179
-77.655389,36.511708,6.750276
-77.360126,35.641276,5.921143
-80.395039,35.551868,8.493785
-83.442133,35.434767,5.688889
-83.442133,35.434767,5.767222
-83.442133,35.434767,5.767222
-78.574167,35.856111,6.947619
-78.574167,35.856111,8.677011
-78.8197,35.8652,6.891477
-103.37853,46.8943,4.460086
-102.4018,48.64193,5.821339
-100.76821,46.825425,4.269136
-100.76821,46.825425,4.102564
-100.76821,46.825425,7.230802
-96.85535,46.933754,6.344856
-102.645864,47.342423,5.188333
-103.2995,47.5812,4.7
-101.766944,47.298611,5.066805
-101.766944,47.298611,5.119149
-101.428056,47.185833,7.020763
-101.571583,47.940861,5.44721
-84.0539,40.770944,7.205263
-84.0539,40.770944,7.233473
-81.908827,39.442165,5.82875
-80.7464,39.9679,6.982667
-84.36374,39.49072,8.78
-84.36374,39.49072,7.935556
-84.5666,39.33839,8.5
-84.5666,39.33839,7.088889
-84.409617,39.479822,8.737778
-84.409617,39.479822,8.290385
-84.409617,39.479822,7.62093
-84.394952,39.472436,10.395455
-84.394952,39.472436,10.395455
-84.394952,39.472436,10.455431
-84.394952,39.472436,10.455431
-84.394952,39.472436,8.853333
-84.394952,39.472436,8.853333
-84.397112,39.478686,9.965909
-84.397112,39.478686,8.93913
-83.80949,39.92882,7.113333
-83.80949,39.92882,8.867279
-81.575256,41.55523,6.473418
-81.682383,41.477011,8.21
-81.682383,41.477011,8.34321
-81.682383,41.477011,9.920332
-81.656792,41.471782,8.137037
-81.678449,41.492117,8.509877
-81.678449,41.492117,9.692827
-81.662356,41.446624,11.02561
-81.494833,41.44013,7.348571
-81.494833,41.44013,8.853333
-81.818667,41.39629,6.53875
-82.994424,40.002707,7.779012
-82.994424,40.002707,8.205
-83.065415,40.11107,7.967901
-83.065415,40.11107,8.929218
-83.01159,39.91251,8.7125
-82.959773,40.0877,7.480247
-84.36625,39.2787,9.038039
-84.478974,39.19433,9.104545
-84.478974,39.19433,9.151111
-84.478974,39.19433,9.752768
-84.478974,39.19433,7.802222
-84.50404,39.12886,7.879545
-84.50404,39.12886,8.797426
-84.50404,39.12886,6.891304
-84.55117,39.10492,8.886364
-84.55117,39.10492,9.231502
-84.55117,39.10492,7.621739
-84.538375,39.146025,9.914634
-84.538375,39.146025,9.969697
-80.933401,40.332933,7.005405
-80.6158,40.3663,8.1225
-80.6158,40.3663,8.6775
-80.6158,40.3663,10.731092
-81.242156,41.726811,5.9875
-82.659241,38.508075,7.101266
-82.659241,38.508075,8.298312
-83.54616,41.644067,6.140351
-83.64226,41.62057,6.929487
-83.4785,41.679867,8.585135
-80.640576,41.106182,8.125
-80.640576,41.106182,8.323288
-80.640576,41.106182,7.6075
-81.9239,41.0604,6.781818
-81.9239,41.0604,5.791518
-84.198674,39.755969,7.604396
-84.198674,39.755969,8.124444
-84.198674,39.755969,8.945055
-81.2352,41.1644,6.53625
-84.720524,39.83562,6.714286
-84.720524,39.83562,8.22471
-82.91701,38.754599,7.137179
-82.80677,38.59246,8.072973
-81.394153,40.786804,8.3325
-81.394153,40.786804,8.7075
-81.373,40.800717,7.5525
-81.373,40.800717,9.245679
-81.468956,41.063526,7.574074
-81.468956,41.063526,7.7675
-81.468956,41.063526,8.105858
-81.541532,41.087862,6.978667
-80.80116,41.23172,8.1875
-80.80116,41.23172,6.951282
-80.80116,41.23172,7.287805
-97.462931,34.244189,7.886454
-97.484099,35.320105,9.973478
-98.42879,34.63298,8.123256
-98.42879,34.63298,8.027519
-98.42879,34.63298,8.123256
-98.931973,36.158414,8.016456
-97.08135,36.697186,8.698885
-95.632286,36.91841,12.147656
-97.52709,35.47292,8.521739
-97.577981,35.50307,9.55458
-97.475083,35.614131,7.37551
-97.475083,35.614131,10.162642
-94.83931,36.985702,2.655844
-95.78441,34.885608,8.177778
-95.78441,34.885608,9.442308
-94.524413,35.40814,6.891176
-96.004975,35.953708,8.805904
-95.976537,36.204902,7.908333
-95.976537,36.204902,7.406667
-95.976537,36.204902,9.977941
-120.844773,44.299787,4.735714
-119.04872,43.58925,7.454144
-119.04872,43.58925,7.665217
-122.880266,42.33155,7.34878
-123.348466,42.434139,6.196154
-121.731369,42.190296,6.342286
-121.731369,42.190296,8.855118
-120.353969,42.189215,5.893478
-123.141352,44.067224,6.462712
-123.083737,44.026312,17.998895
-122.480487,43.744352,7.083616
-123.053487,43.799501,5.043646
-122.602877,45.496641,5.601639
-122.972398,45.528501,6.022034
-122.972398,45.528501,5.675
-122.747894,45.393497,5.844643
-77.30968,39.92002,8.654733
-80.071337,40.499767,8.723392
-79.960757,40.46542,7.425424
-79.960757,40.46542,8.463522
-79.868062,40.323768,10.263068
-79.868062,40.323768,12.2
-79.868062,40.323768,12.055056
-80.169943,40.375644,6.62931
-79.727664,40.617488,7.144643
-79.860973,40.402328,9.239655
-79.860973,40.402328,9.445098
-79.863572,40.43743,9.106111
-79.863572,40.43743,9.078571
-79.885331,40.294341,8.175862
-79.885331,40.294341,7.715909
-79.56475,40.814183,10.055602
-80.299211,40.691857,7.818966
-80.316442,40.747796,7.556024
-80.316442,40.747796,9.792308
-75.9686,40.38335,7.856846
-78.370833,40.535278,8.184475
-76.512726,41.705226,6.972766
-78.915,40.309722,10.720675
-78.915,40.309722,9.922785
-77.877028,40.811389,7.897034
-77.18675,40.246528,5.514384
-77.18675,40.246528,8.907424
-76.846988,40.246992,6.842424
-76.846988,40.246992,9.548117
-75.3725,39.835556,7.625243
-75.3725,39.835556,10.004348
-75.413973,39.818715,8.705
-80.038611,42.14175,7.184362
-79.805499,39.917663,7.971552
-80.26567,39.80933,6.831718
-78.919972,40.56333,7.765021
-75.623056,41.442778,7.87087
-76.283333,40.046667,6.534503
-76.283333,40.046667,6.570968
-76.283333,40.046667,9.155649
-76.1124,40.043833,8.018483
-76.1124,40.043833,14.174249
-76.394788,40.338516,7.127928
-76.394788,40.338516,8.8361
-75.4325,40.611944,8.744059
-77.231189,41.266263,7.660905
-80.484779,41.215014,7.031724
-75.309167,40.112222,7.835802
-75.09778,40.008889,8.907738
-75.080833,39.991389,7.916949
-75.080833,39.991389,8.766667
-75.080833,39.991389,8.908475
-75.186921,39.922867,8.123204
-75.142614,39.960048,8.146893
-74.985166,40.054171,9.465294
-75.207205,39.988842,8.811515
-75.686219,41.867331,6.844538
-76.939167,41.644722,6.42161
-80.420833,40.445278,7.162273
-80.243995,40.268963,8.34661
-79.505667,40.304694,8.480247
-75.95774,41.605244,6.828992
-76.699444,39.965278,9.423457
-71.72,41.615237,3.899048
-71.412968,41.807469,5.513942
-71.379971,41.874668,7.344
-71.379971,41.874668,6.765517
-71.36097,41.841039,6.915517
-71.36097,41.841039,6.882126
-71.423705,41.49511,3.582524
-79.96,32.84,7.308171
-79.96,32.84,7.661538
-79.96,32.84,8.632432
-79.956983,32.836602,8.131183
-79.657187,32.941023,6.917241
-80.06501,32.980254,7.297166
-80.198787,34.615367,6.441573
-80.198787,34.615367,5.535484
-81.853635,33.739963,7.727273
-81.853635,33.739963,7.034524
-79.767347,34.214263,7.462353
-79.767347,34.214263,8.725962
-82.414585,34.843895,7.783772
-82.414585,34.843895,9.639623
-82.256701,34.751848,7.38764
-82.256701,34.751848,7.283529
-81.15495,34.051017,7.851304
-81.15495,34.051017,7.688208
-80.962304,34.093959,6.852809
-80.962304,34.093959,6.795506
-80.962304,34.093959,7.131325
-81.924797,34.955566,7.523318
-81.924797,34.955566,8.571134
-96.807299,44.348604,3.262778
-98.494061,45.468596,3.863277
-96.90383,42.78943,6.410405
-97.128802,44.89965,6.926519
-103.48386,43.55764,3.133714
-100.287269,44.373786,1.432022
-101.941218,43.74561,3.133149
-96.78331,43.59901,6.040741
-96.78331,43.59901,5.814815
-96.78331,43.59901,4.674432
-103.273777,44.087397,5.805
-83.942152,35.768847,7.334807
-86.7389,36.176382,9.166667
-86.7389,36.176382,9.22
-86.7389,36.176382,9.622727
-86.7389,36.176382,9.622727
-86.7341,36.1424,8.942164
-89.382157,36.05266,7.669613
-85.24293,34.99438,7.8175
-85.293019,35.050918,7.641379
-85.293019,35.050918,8.55
-85.293019,35.050918,9.585612
-83.925773,35.980675,8.15
-83.925773,35.980675,8.540996
-83.950666,35.978074,8.35
-83.950666,35.978074,9.207489
-83.87381,36.019186,9.007634
-87.419725,35.116878,5.563128
-84.343035,35.721095,6.847514
-84.343035,35.721095,6.208989
-84.596195,35.450115,7.874713
-88.81964,35.705319,8.050857
-87.0096,35.65188,6.494857
-87.384666,36.611411,6.888636
-85.492107,36.185702,6.877901
-84.542802,35.939078,7.242949
-90.041559,35.151194,9.188333
-90.041559,35.151194,8.206667
-89.850249,35.151699,7.927586
-89.850249,35.151699,8.508537
-89.87065,35.16126,8.665
-82.521599,36.538761,6.731609
-86.653137,36.29756,7.663333
-86.653137,36.29756,7.6
-98.589158,29.162997,10.477907
-97.431052,31.122419,7.695763
-98.620166,29.51509,8.96
-98.620166,29.51509,9.365031
-98.311692,29.275381,7.913592
-98.391403,29.529432,9.433962
-94.07778,33.436111,10.64619
-96.362777,30.628333,8.253125
-103.17781,29.30265,6.266154
-97.49383,25.892518,9.659709
-97.1577,26.0711,12.51
-96.797686,32.774262,11.569892
-96.797686,32.774262,8.756667
-96.860117,32.820061,8.471698
-96.860117,32.820061,9.908333
-96.860117,32.820061,8.382456
-97.196284,33.219069,7.991787
-102.334745,31.870259,8.523045
-97.026899,32.482083,8.361111
-106.455227,31.765685,9.855932
-106.455227,31.765685,9.589017
-94.861289,29.254474,8.772959
-95.326137,29.901036,11.014563
-95.326137,29.901036,11.82
-95.284096,29.828086,11.71989
-95.499219,29.695729,10.493939
-95.031232,29.770698,11.311321
-95.635833,29.723333,8.983721
-95.220582,29.767997,10.441414
-95.257593,29.733726,11.113939
-95.257593,29.733726,13.436364
-95.128508,29.670025,9.070323
-95.128508,29.670025,9.439655
-95.015544,29.583047,8.962319
-95.38769,29.81453,11.77451
-94.167468,32.669001,11.784337
-98.291069,26.22621,11.71625
-98.152066,26.288622,10.502174
-98.152066,26.288622,13.512727
-93.909018,29.922894,8.88744
-93.909018,29.922894,8.97651
-94.317802,29.863957,7.859596
-96.317687,32.564968,9.905155
-97.298692,27.426981,11.610983
-101.78698,33.58553,6.470742
-100.451156,28.704607,9.144554
-95.425128,30.350302,10.207282
-96.399141,32.031934,10.308247
-97.431553,27.804489,9.056213
-97.431553,27.804489,9.788757
-97.465703,27.811817,12.152778
-97.465703,27.811817,9.968966
-93.866944,30.194167,8.554902
-101.909275,35.201592,6.67037
-97.356529,32.80581,8.88
-97.342332,32.759154,8.946154
-97.337917,32.664753,8.742233
-97.337917,32.664753,9.457286
-97.761803,30.354944,8.17489
-97.712891,30.263204,10.115385
-97.712891,30.263204,9.402979
-97.69166,30.35386,10.172016
-99.533333,27.599444,11.975962
-111.852199,41.842649,7.753676
-111.852199,41.842649,7.593015
-111.852199,41.842649,8.19223
-111.852199,41.842649,8.346918
-110.800749,39.60996,5.182883
-111.884467,40.902967,6.641852
-111.884467,40.902967,6.781457
-110.009732,40.294178,4.96705
-110.009732,40.294178,5.678077
-110.009732,40.294178,5.207843
-113.055525,37.74743,5.866667
-111.894167,40.598056,7.63626
-111.894167,40.598056,8.053114
-111.872222,40.736389,6.972727
-111.872222,40.736389,8.165339
-111.872222,40.736389,7.04403
-111.931,40.78422,7.887218
-111.931,40.78422,7.98427
-111.931,40.78422,8.275093
-112.036298,40.496392,6.518113
-112.036298,40.496392,6.876471
-112.00876,40.709762,7.192935
-112.00876,40.709762,7.569767
-111.945849,40.777145,8.044141
-111.945849,40.777145,8.149342
-112.087717,40.807897,7.252083
-111.901188,40.662878,9.393709
-111.901188,40.662878,8.55572
-112.353414,40.600532,7.133206
-112.353414,40.600532,6.100329
-109.561472,40.46471,3.945977
-109.561472,40.46471,4.586842
-111.713611,40.341389,6.876692
-111.713611,40.341389,6.513636
-111.713611,40.341389,6.885597
-111.657936,40.136378,6.794208
-111.657936,40.136378,7.248352
-113.305096,37.179125,5.45641
-111.987871,41.303614,6.356107
-111.987871,41.303614,6.69
-73.24984,42.88759,5.483978
-72.86884,44.52839,3.538596
-72.86884,44.52839,4.58674
-73.2106,44.4762,7.042541
-72.982778,43.608056,6.473333
-72.982778,43.608056,7.343094
-78.50397,38.07657,6.156977
-78.50397,38.07657,7.420915
-77.05922,38.8577,6.718182
-77.05922,38.8577,6.97619
-77.25925,37.34438,6.135556
-77.59355,37.35748,6.018681
-77.10468,38.77335,6.5
-77.10468,38.77335,7.221469
-77.18347,38.76835,8.140449
-78.08157,39.28102,6.643373
-78.08157,39.28102,6.85122
-78.08157,39.28102,9.10922
-77.40027,37.55652,6.461798
-77.40027,37.55652,6.545946
-77.40027,37.55652,8.07931
-77.5664,37.67132,6.264444
-77.48925,39.02473,6.578313
-79.88452,37.28342,7.624157
-78.81952,38.47753,6.86988
-82.1641,36.608,6.553488
-76.387017,37.103733,5.867241
-76.387017,37.103733,6.9
-79.215011,37.332706,6.185057
-76.30135,36.85555,6.547674
-77.46925,37.59088,6.896629
-77.46925,37.59088,7.943902
-80.081017,37.297883,6.697778
-76.181233,36.841883,6.572941
-122.58737,45.64336,5.568812
-122.319722,47.597222,6.704717
-122.338265,47.55975,7.28
-122.338265,47.55975,7.428571
-122.338265,47.55975,6.517453
-122.278385,47.498535,5.717391
-122.308628,47.568236,4.89
-122.308628,47.568236,4.666154
-122.230278,47.386111,6.394203
-122.627397,47.592675,5.16715
-120.545,46.99364,5.330808
-119.51896,48.39999,9.111165
-122.46256,47.22634,6.467391
-122.46256,47.22634,6.729858
-122.4517,47.1864,5.944444
-122.3858,47.2656,7.022449
-122.61428,48.52059,4.333962
-121.6031,48.2469,6.435238
-122.171529,48.054315,6.303791
-117.257654,47.663962,5.053398
-117.903425,48.544448,5.853659
-122.456463,48.760036,4.107143
-120.499167,46.598056,10.513793
-120.499167,46.598056,6.989372
-120.33266,46.38024,7.525758
-77.963845,39.448105,8.146552
-80.596635,40.341023,7.987912
-80.611813,40.394651,7.552747
-80.611813,40.394651,8.168182
-82.432436,38.410242,6.820339
-82.432436,38.410242,7.7
-80.592318,40.427372,7.743023
-80.34225,39.278117,6.975439
-81.621161,38.346258,6.861667
-81.621161,38.346258,8.469565
-81.693717,38.366183,7.523333
-80.134667,39.481483,7.382759
-80.733858,39.915961,8.22967
-80.733858,39.915961,11.069444
-79.920867,39.649367,7.376923
-80.700972,40.114876,7.512088
-81.552367,39.323533,7.689655
-90.65615,46.60234,4.755762
-87.99344,44.50729,6.818352
-89.35768,43.10101,6.706897
-89.35768,43.10101,7.101107
-89.4358,43.0733,7.942751
-88.62111,43.46611,5.655932
-88.62111,43.46611,7.134686
-91.41445,44.76249,6.817216
-88.80859,45.56498,4.924521
-90.69813,42.69302,7.708989
-90.792025,44.334686,6.273743
-87.8093,42.50472,7.116794
-91.2269,43.7775,6.938376
-87.93369,43.01724,6.55
-87.93369,43.01724,8.467766
-87.93434,42.93257,8.420879
-90.40164,44.020855,5.955556
-90.40164,44.020855,6.608609
-88.39509,44.30738,7.105861
-88.39509,44.30738,7.469231
-87.8102,43.4983,6.095349
-89.67979,43.4351,6.962271
-90.5972,45.2066,5.545353
-89.654,46.0519,4.726592
-88.21507,43.020075,6.97037
-88.21507,43.020075,8.382288
-105.61489,41.32417,4.616111
-105.54913,41.308825,2.654852
-105.54913,41.308825,2.353846
-105.517022,44.288005,4.856132
-108.3637,43.02421,3.598286
-108.720003,42.529999,-0.030488
-107.549444,43.081667,2.176836
-108.736281,42.842168,6.0365
-104.778334,41.182227,2.680769
-104.778334,41.182227,2.4
-104.778334,41.182227,5.672067
-104.778334,41.182227,3.443478
-110.53788,41.783083,3.163536
-110.53788,41.783083,3.163536
-106.36501,42.82231,3.021348
-109.06926,44.524568,4.632105
-106.955933,44.815142,6.816049
-109.87076,42.869824,2.509392
-109.220852,41.592536,3.986559
-110.79799,43.45776,2.798113
-110.830833,44.373056,3.452404
-66.150615,18.420089,5.753061
-66.052237,18.198712,5.301818
-65.618888,18.383983,5.775926
-66.162122,17.955378,4.215625
-66.11446,18.440095,6.539623
-66.11446,18.440095,6.796296
-66.627249,18.009558,5.920755
-115.447769,32.629225,17.508148
-115.447769,32.629225,15.289591
-115.504995,32.633671,21.735531
-110.951513,31.291293,9.393254
